n,errors,bag_auc,bag_ap,bag_f1,global_token_auc,global_top10_precision,global_top10_recall,global_error_coverage,local_auc,local_ap,top10_precision,top10_recall,error_coverage,fact_auc,fact_top1,fact_chance,n_local_mixed,n_fact_mixed,alert_threshold,validation_clean_answer_alarm,test_clean_answer_alarm,test_error_answer_recall,alert_token_precision,alert_error_token_recall,name,method,seed,val_auc,supervision,layer_index,threshold
105,14,0.7574568288854003,0.2789101295979621,0.36619718309859156,0.7708689148282076,0.20967741935483872,0.3561643835616438,0.05906148867313916,0.700909606266749,0.7508551791489307,0.6428571428571429,0.27873222016079163,0.43841319136350193,0.7142857142857143,0.6428571428571429,0.40476190476190477,14,14,0.9690207242965698,0.043478260869565216,0.07692307692307693,0.14285714285714285,0.3076923076923077,0.0547945205479452,after_42,after,42,0.8358695652173913,bag labels only,2,0.40604907274246216
105,14,0.6813186813186813,0.2231681540334437,0.3384615384615385,0.7320698712587899,0.1532258064516129,0.2602739726027397,0.05906148867313916,0.6347364804507661,0.6584705505775733,0.47619047619047616,0.18420841063698207,0.43841319136350193,0.7857142857142857,0.7142857142857143,0.40476190476190477,14,14,0.9952308535575867,0.043478260869565216,0.08791208791208792,0.07142857142857142,0.0,0.0,after_43,after,43,0.7815217391304348,bag labels only,3,0.6535861492156982
105,14,0.6444270015698588,0.2107462709335555,0.3076923076923077,0.7872766463680372,0.2661290322580645,0.4520547945205479,0.05906148867313916,0.6554851233422662,0.7329615018390528,0.7142857142857143,0.2965893630179344,0.43841319136350193,0.6785714285714286,0.6428571428571429,0.40476190476190477,14,14,0.7440863847732544,0.043478260869565216,0.0989010989010989,0.14285714285714285,0.40625,0.1780821917808219,after_44,after,44,0.8608695652173912,bag labels only,2,0.32886791229248047
105,14,0.6467817896389325,0.3295784838682899,0.26666666666666666,0.7236480995064725,0.20967741935483872,0.3561643835616438,0.05906148867313916,0.6129913076341647,0.681920975907001,0.6071428571428571,0.24658936301793447,0.43841319136350193,0.75,0.7142857142857143,0.40476190476190477,14,14,0.9816880822181702,0.043478260869565216,0.07692307692307693,0.2857142857142857,0.21428571428571427,0.0410958904109589,before_42,before,42,0.7804347826086956,bag labels only,3,0.647671103477478
105,14,0.631083202511774,0.19626355640638027,0.3125,0.7613046090059954,0.1774193548387097,0.3013698630136986,0.05906148867313916,0.6295633202776061,0.6590042687157488,0.5,0.13587507730364873,0.43841319136350193,0.6428571428571429,0.5,0.40476190476190477,14,14,0.9270009994506836,0.043478260869565216,0.10989010989010989,0.14285714285714285,0.19047619047619047,0.0547945205479452,before_43,before,43,0.7771739130434783,bag labels only,2,0.8060570359230042
105,14,0.7684458398744114,0.3967498743370893,0.36,0.7151909916489005,0.16129032258064516,0.273972602739726,0.05906148867313916,0.5933457019171305,0.6820921038021626,0.5476190476190476,0.2579529993815708,0.43841319136350193,0.6071428571428571,0.5,0.40476190476190477,14,14,0.9526343941688538,0.043478260869565216,0.13186813186813187,0.5,0.21739130434782608,0.0684931506849315,before_44,before,44,0.775,bag labels only,3,0.7737036943435669
105,14,0.6915227629513343,0.3321536282975953,0.3116883116883117,0.7867230473857172,0.11290322580645161,0.1917808219178082,0.05906148867313916,0.7666666666666667,0.8449248120300752,0.7142857142857143,0.3485374149659864,0.43841319136350193,0.7857142857142857,0.7142857142857143,0.40476190476190477,14,14,0.9920884370803833,0.043478260869565216,0.02197802197802198,0.14285714285714285,0.75,0.1232876712328767,fact_after_42,fact_after,42,0.7847826086956522,bag labels only,2,0.2735968828201294
105,14,0.7590266875981162,0.3213835911748213,0.3508771929824561,0.8572539134736569,0.3387096774193548,0.5753424657534246,0.05906148867313916,0.734920634920635,0.83625134264232,0.6428571428571429,0.3383333333333333,0.43841319136350193,0.75,0.6428571428571429,0.40476190476190477,14,14,0.8049953579902649,0.043478260869565216,0.07692307692307693,0.42857142857142855,0.4444444444444444,0.3835616438356164,fact_after_43,fact_after,43,0.7717391304347826,bag labels only,2,0.24663987755775452
105,14,0.7558869701726845,0.3255453654636593,0.3793103448275862,0.8249213771658088,0.27419354838709675,0.4657534246575342,0.05906148867313916,0.7380952380952381,0.8449248120300752,0.7142857142857143,0.3485374149659864,0.43841319136350193,0.75,0.7142857142857143,0.40476190476190477,14,14,0.9635448455810547,0.043478260869565216,0.0989010989010989,0.35714285714285715,0.28846153846153844,0.2054794520547945,fact_after_44,fact_after,44,0.8141304347826087,bag labels only,2,0.4994135797023773
105,14,0.6821036106750393,0.28225490667983366,0.3076923076923077,0.782682952684955,0.29838709677419356,0.5068493150684932,0.05906148867313916,0.761904761904762,0.8333333333333333,0.7142857142857143,0.3025417439703154,0.43841319136350193,0.75,0.7142857142857143,0.40476190476190477,14,14,0.7535529136657715,0.043478260869565216,0.14285714285714285,0.21428571428571427,0.3516483516483517,0.4383561643835616,fact_support_lookback_42,fact_support_lookback,42,0.8369565217391304,bag labels only,0,0.10655435174703598
105,14,0.6248037676609106,0.29187663016766263,0.2807017543859649,0.7562397672528534,0.2903225806451613,0.4931506849315068,0.05906148867313916,0.7440476190476192,0.8435374149659864,0.6428571428571429,0.2939703153988868,0.43841319136350193,0.7142857142857143,0.6428571428571429,0.40476190476190477,14,14,0.6801719665527344,0.043478260869565216,0.12087912087912088,0.35714285714285715,0.3870967741935484,0.4931506849315068,fact_support_lookback_43,fact_support_lookback,43,0.8315217391304348,bag labels only,0,0.23701180517673492
105,14,0.6177394034536892,0.26166720728161863,0.2972972972972973,0.7273819479616956,0.10483870967741936,0.1780821917808219,0.05906148867313916,0.6904761904761906,0.8256802721088435,0.6428571428571429,0.2939703153988868,0.43841319136350193,0.6785714285714286,0.6428571428571429,0.40476190476190477,14,14,0.7655282020568848,0.043478260869565216,0.06593406593406594,0.07142857142857142,0.07407407407407407,0.0273972602739726,fact_support_lookback_44,fact_support_lookback,44,0.8239130434782609,bag labels only,0,0.22069230675697327
105,14,0.5235478806907379,0.2553730646122211,0.18556701030927836,0.7215397118929552,0.1774193548387097,0.3013698630136986,0.05906148867313916,0.6742164845736273,0.6640961795438506,0.48809523809523814,0.15860235003092146,0.43841319136350193,0.7142857142857143,0.5,0.40476190476190477,14,14,0.9999999292693825,0.043478260869565216,0.03296703296703297,0.21428571428571427,0.2222222222222222,0.0273972602739726,last_linear,last_linear,,0.7706521739130434,bag labels only,2,0.021139045720851263
105,14,0.43720565149136575,0.22915204668549233,0.23529411764705882,,,,,,,,,,,,,,,,,,,,,length,length,,0.5027173913043479,bag labels only,,0.39388074916229826
105,14,0.7299843014128728,0.39310381847743625,0.30985915492957744,0.7061449487037539,0.20967741935483872,0.3561643835616438,0.05906148867313916,0.6548417851989281,0.6871122196551098,0.6547619047619048,0.21271490414347557,0.43841319136350193,0.7142857142857143,0.6428571428571429,0.40476190476190477,14,14,0.9504401087760925,0.043478260869565216,0.08791208791208792,0.2857142857142857,0.4,0.0821917808219178,lookback_42,lookback,42,0.7913043478260869,bag labels only,0,0.10326999425888062
105,14,0.6302982731554161,0.2634892000745329,0.2702702702702703,0.6675108069588569,0.22580645161290322,0.3835616438356164,0.05906148867313916,0.6670969903112759,0.6488620527156372,0.47619047619047616,0.11747680890538033,0.43841319136350193,0.7142857142857143,0.5714285714285714,0.40476190476190477,14,14,0.8451874256134033,0.043478260869565216,0.03296703296703297,0.07142857142857142,0.4,0.0273972602739726,lookback_43,lookback,43,0.7380434782608696,bag labels only,0,0.3629612922668457
105,14,0.5510204081632654,0.19268100944346359,0.23529411764705882,0.6871223453750928,0.24193548387096775,0.410958904109589,0.05906148867313916,0.558605785748643,0.6070450084429909,0.4404761904761904,0.12938157081014223,0.43841319136350193,0.5714285714285714,0.5,0.40476190476190477,14,14,0.5561352968215942,0.043478260869565216,0.03296703296703297,0.07142857142857142,0.6666666666666666,0.1095890410958904,lookback_44,lookback,44,0.7347826086956522,bag labels only,0,0.36672264337539673
105,14,0.8021978021978021,0.42461228277267854,0.39285714285714285,0.7153441147716698,0.1532258064516129,0.2602739726027397,0.05906148867313916,0.6814620696763554,0.7726211927255955,0.7619047619047619,0.3615244279529994,0.43841319136350193,0.6428571428571429,0.5714285714285714,0.40476190476190477,14,14,0.9999963695202291,0.043478260869565216,0.06593406593406594,0.14285714285714285,0.2,0.0273972602739726,mean_linear,mean_linear,,0.7945652173913044,bag labels only,3,0.4728851595423691
105,14,0.2755102040816327,0.11254561447323388,0.06060606060606061,0.43266705143759054,0.04838709677419355,0.0821917808219178,0.05906148867313916,0.3916676973819831,0.5371631244145166,0.5238095238095238,0.14669758812615954,0.43841319136350193,0.39285714285714285,0.2857142857142857,0.40476190476190477,14,14,0.7489209175109863,0.043478260869565216,0.01098901098901099,0.0,0.0,0.0,shuffled_support,shuffled,,0.7434782608695653,bag labels only,0,0.5537278056144714
105,14,0.7260596546310832,0.31410322949153485,0.28888888888888886,0.8268530842530536,0.27419354838709675,0.4657534246575342,0.05906148867313916,0.7470430495430495,0.793076711176201,0.7857142857142857,0.3203988868274582,0.43841319136350193,0.8214285714285714,0.7857142857142857,0.40476190476190477,14,14,0.9470548204749272,0.043478260869565216,0.10989010989010989,0.42857142857142855,0.4090909090909091,0.1232876712328767,supervised_after,supervised_after,,0.7473269179363806,"token labels; diagnostic, not weak supervision",2,0.4430081132021913
105,14,0.717425431711146,0.27385437895863934,0.26262626262626265,0.8100802129589276,0.21774193548387097,0.3698630136986301,0.05906148867313916,0.7201978973407543,0.744199257008302,0.6428571428571429,0.231113172541744,0.43841319136350193,0.8214285714285714,0.7857142857142857,0.40476190476190477,14,14,0.9736578338480992,0.043478260869565216,0.054945054945054944,0.07142857142857142,0.125,0.0136986301369863,supervised_before,supervised_before,,0.7446371291098637,"token labels; diagnostic, not weak supervision",2,0.4943909789875047
105,14,0.6075353218210362,0.25478548062888573,0.3076923076923077,0.7194666603846925,0.21774193548387097,0.3698630136986301,0.05906148867313916,0.7111088778945922,0.7605893829737491,0.619047619047619,0.32938157081014224,0.43841319136350193,0.7857142857142857,0.7142857142857143,0.40476190476190477,14,14,0.9190896938463557,0.043478260869565216,0.10989010989010989,0.2857142857142857,0.4166666666666667,0.136986301369863,supervised_lookback,supervised_lookback,,0.7385224538893345,"token labels; diagnostic, not weak supervision",0,0.6889810713175937
105,14,0.5447409733124018,0.17934085680786985,0.2647058823529412,0.5164136208907054,0.08870967741935484,0.1506849315068493,0.05906148867313916,0.5678755239469526,0.6454933002460664,0.5238095238095238,0.20196969696969697,0.43841319136350193,0.6071428571428571,0.5714285714285714,0.40476190476190477,14,14,0.7364422082901001,0.043478260869565216,0.18681318681318682,0.14285714285714285,0.05555555555555555,0.0136986301369863,support_42,support,42,0.8521739130434782,bag labels only,0,0.4612482786178589
105,14,0.46232339089481944,0.1265520403495402,0.06060606060606061,0.5342819114477202,0.0967741935483871,0.1643835616438356,0.05906148867313916,0.525770116127259,0.6186471417543381,0.48809523809523814,0.16625541125541127,0.43841319136350193,0.5,0.35714285714285715,0.40476190476190477,14,14,0.8079841732978821,0.043478260869565216,0.07692307692307693,0.0,0.0,0.0,support_43,support,43,0.8717391304347826,bag labels only,0,0.5595566034317017
105,14,0.5172684458398743,0.15658842211784071,0.2318840579710145,0.5130213547862754,0.06451612903225806,0.1095890410958904,0.05906148867313916,0.5291323094894523,0.6287938937074811,0.4523809523809524,0.18179653679653682,0.43841319136350193,0.5,0.42857142857142855,0.40476190476190477,14,14,0.8594415783882141,0.043478260869565216,0.14285714285714285,0.14285714285714285,0.07142857142857142,0.0136986301369863,support_44,support,44,0.8576086956521739,bag labels only,0,0.4108765423297882
105,14,0.6766091051805337,0.3645999345470716,0.3333333333333333,0.700173146915747,0.22580645161290322,0.3835616438356164,0.05906148867313916,0.6426207654779085,0.6755326860366253,0.5476190476190476,0.18890538033395177,0.43841319136350193,0.6428571428571429,0.5714285714285714,0.40476190476190477,14,14,0.6343711614608765,0.043478260869565216,0.0989010989010989,0.35714285714285715,0.5,0.1643835616438356,support_lookback_42,support_lookback,42,0.7673913043478261,bag labels only,0,0.4850274622440338
105,14,0.6585557299843013,0.3814739343367297,0.3125,0.6995842118281723,0.1935483870967742,0.3287671232876712,0.05906148867313916,0.7240020957878102,0.7656031241092084,0.7619047619047619,0.31985776128633264,0.43841319136350193,0.7857142857142857,0.7142857142857143,0.40476190476190477,14,14,0.7271702885627747,0.043478260869565216,0.08791208791208792,0.35714285714285715,0.3684210526315789,0.0958904109589041,support_lookback_43,support_lookback,43,0.7815217391304348,bag labels only,0,0.35901859402656555
105,14,0.6640502354788069,0.3165142434997602,0.2926829268292683,0.6927054500053004,0.22580645161290322,0.3835616438356164,0.05906148867313916,0.7361437504294646,0.7404746530646891,0.6904761904761905,0.2484291898577613,0.43841319136350193,0.8214285714285714,0.7857142857142857,0.40476190476190477,14,14,0.7022176384925842,0.043478260869565216,0.03296703296703297,0.07142857142857142,0.25,0.0136986301369863,support_lookback_44,support_lookback,44,0.7304347826086957,bag labels only,0,0.2914767265319824
105,14,0.4113029827315542,0.11592002157646225,0.23529411764705882,,,,,,,,,,,,,,,,,,,,,text,text,,0.4869565217391304,bag labels only,,0.24517792343240905
105,14,0.5635792778649922,0.15492082171653515,0.22580645161290322,0.5689407413514882,0.12903225806451613,0.2191780821917808,0.05906148867313916,0.6128612657184086,0.7200136708917607,0.7976190476190476,0.38533395176252316,0.43841319136350193,0.7857142857142857,0.7857142857142857,0.40476190476190477,14,14,0.526301920413971,0.043478260869565216,0.2087912087912088,0.21428571428571427,0.08695652173913043,0.0273972602739726,uncertainty_42,uncertainty,42,0.8619565217391304,bag labels only,0,0.417190819978714
105,14,0.4034536891679749,0.11868458069951844,0.11320754716981132,0.5122380711198011,0.056451612903225805,0.0958904109589041,0.05906148867313916,0.4131833642547928,0.5198688716429305,0.3452380952380953,0.11098330241187383,0.43841319136350193,0.2857142857142857,0.14285714285714285,0.40476190476190477,14,14,0.7945153713226318,0.043478260869565216,0.14285714285714285,0.0,0.0,0.0,uncertainty_43,uncertainty,43,0.8478260869565217,bag labels only,0,0.46224504709243774
105,14,0.5682888540031397,0.15663333590251433,0.16666666666666666,0.5650243230191168,0.10483870967741936,0.1780821917808219,0.05906148867313916,0.600480313337456,0.7010454169235067,0.7023809523809523,0.3586672850958565,0.43841319136350193,0.75,0.7142857142857143,0.40476190476190477,14,14,0.5918002128601074,0.043478260869565216,0.23076923076923078,0.21428571428571427,0.07692307692307693,0.0273972602739726,uncertainty_44,uncertainty,44,0.8608695652173912,bag labels only,0,0.5525338649749756
105,14,0.554160125588697,0.14983037860174134,0.18181818181818182,0.5557662634424434,0.12903225806451613,0.2191780821917808,0.05906148867313916,0.6200070432213289,0.7321126885407784,0.8333333333333333,0.3853339517625232,0.43841319136350193,0.7857142857142857,0.7857142857142857,0.40476190476190477,14,14,0.7637048363685608,0.043478260869565216,0.14285714285714285,0.0,0.0,0.0,nll_topk,nll_topk,,0.8130434782608695,no fitted weights; validation threshold,,0.2347709834575653
105,14,0.5816326530612246,0.1589548818346741,0.2857142857142857,0.5557662634424434,0.12903225806451613,0.2191780821917808,0.05906148867313916,0.6200070432213289,0.7321126885407784,0.8333333333333333,0.3853339517625232,0.43841319136350193,0.7857142857142857,0.7857142857142857,0.40476190476190477,14,14,0.7637048363685608,0.043478260869565216,0.14285714285714285,0.0,0.0,0.0,nll_mean,nll_mean,,0.8130434782608695,no fitted weights; validation threshold,,0.03663324564695358
105,14,0.6342229199372057,0.20815115248248578,0.26373626373626374,0.5449475258836971,0.11290322580645161,0.1917808219178082,0.05906148867313916,0.5913273895416753,0.6397855166739816,0.5595238095238095,0.18241187384044527,0.43841319136350193,0.6071428571428571,0.42857142857142855,0.40476190476190477,14,14,0.0004276057006791234,0.043478260869565216,0.054945054945054944,0.21428571428571427,0.4444444444444444,0.0547945205479452,support_delta,support_delta,,0.5260869565217391,no fitted weights; validation threshold,,0.002639234997332096
105,14,0.5219780219780219,0.14025974025974028,0.23529411764705882,0.48962296375693476,0.024193548387096774,0.0410958904109589,0.05906148867313916,0.5238095238095238,0.49793700088731147,0.42857142857142855,0.16401360544217689,0.43841319136350193,0.5178571428571429,0.4285714285714285,0.40476190476190477,14,14,1.0,0.0,0.0,0.0,0.0,0.0,source_copy,source_copy,,0.592391304347826,no fitted weights; validation threshold,,0.0
